https://www.shoprite.co.za/medias/10151092EA-20190726-Media-checkers515Wx515H?context=bWFzdGVyfGltYWdlc3wyNzI5Mjh8aW1hZ2UvcG5nfGltYWdlcy9oZTQvaDMxLzg4NTc4OTUwNDMxMDIucG5nfDc0MjQ3ZGQ1NDM0MTU4NDU1MGFkMzIwMDdjNzIxZTdmYjlhZjhmODc0ZmQwN2EzZTI1NWY2ODViN2Y5YzMwMTY,IMBO,Soup Mix,500g,11199
https://www.shoprite.co.za/medias/10151092EA-20190726-Media-checkers515Wx515H?context=bWFzdGVyfGltYWdlc3wyNzI5Mjh8aW1hZ2UvcG5nfGltYWdlcy9oZTQvaDMxLzg4NTc4OTUwNDMxMDIucG5nfDc0MjQ3ZGQ1NDM0MTU4NDU1MGFkMzIwMDdjNzIxZTdmYjlhZjhmODc0ZmQwN2EzZTI1NWY2ODViN2Y5YzMwMTY,IMBO,Soup Mix,500g,11299
https://www.shoprite.co.za/medias/10151092EA-20190726-Media-checkers515Wx515H?context=bWFzdGVyfGltYWdlc3wyNzI5Mjh8aW1hZ2UvcG5nfGltYWdlcy9oZTQvaDMxLzg4NTc4OTUwNDMxMDIucG5nfDc0MjQ3ZGQ1NDM0MTU4NDU1MGFkMzIwMDdjNzIxZTdmYjlhZjhmODc0ZmQwN2EzZTI1NWY2ODViN2Y5YzMwMTY,IMBO,Soup Mix,500g,11399
https://www.shoprite.co.za/medias/10151092EA-20190726-Media-checkers515Wx515H?context=bWFzdGVyfGltYWdlc3wyNzI5Mjh8aW1hZ2UvcG5nfGltYWdlcy9oZTQvaDMxLzg4NTc4OTUwNDMxMDIucG5nfDc0MjQ3ZGQ1NDM0MTU4NDU1MGFkMzIwMDdjNzIxZTdmYjlhZjhmODc0ZmQwN2EzZTI1NWY2ODViN2Y5YzMwMTY,IMBO,Soup Mix,500g,11499
https://www.shoprite.co.za/medias/10151092EA-20190726-Media-checkers515Wx515H?context=bWFzdGVyfGltYWdlc3wyNzI5Mjh8aW1hZ2UvcG5nfGltYWdlcy9oZTQvaDMxLzg4NTc4OTUwNDMxMDIucG5nfDc0MjQ3ZGQ1NDM0MTU4NDU1MGFkMzIwMDdjNzIxZTdmYjlhZjhmODc0ZmQwN2EzZTI1NWY2ODViN2Y5YzMwMTY,IMBO,Soup Mix,500g,11599
https://www.shoprite.co.za/medias/10151092EA-20190726-Media-checkers515Wx515H?context=bWFzdGVyfGltYWdlc3wyNzI5Mjh8aW1hZ2UvcG5nfGltYWdlcy9oZTQvaDMxLzg4NTc4OTUwNDMxMDIucG5nfDc0MjQ3ZGQ1NDM0MTU4NDU1MGFkMzIwMDdjNzIxZTdmYjlhZjhmODc0ZmQwN2EzZTI1NWY2ODViN2Y5YzMwMTY,IMBO,Soup Mix,500g,11699
https://www.shoprite.co.za/medias/10151092EA-20190726-Media-checkers515Wx515H?context=bWFzdGVyfGltYWdlc3wyNzI5Mjh8aW1hZ2UvcG5nfGltYWdlcy9oZTQvaDMxLzg4NTc4OTUwNDMxMDIucG5nfDc0MjQ3ZGQ1NDM0MTU4NDU1MGFkMzIwMDdjNzIxZTdmYjlhZjhmODc0ZmQwN2EzZTI1NWY2ODViN2Y5YzMwMTY,IMBO,Soup Mix,500g,11799
https://www.shoprite.co.za/medias/10151092EA-20190726-Media-checkers515Wx515H?context=bWFzdGVyfGltYWdlc3wyNzI5Mjh8aW1hZ2UvcG5nfGltYWdlcy9oZTQvaDMxLzg4NTc4OTUwNDMxMDIucG5nfDc0MjQ3ZGQ1NDM0MTU4NDU1MGFkMzIwMDdjNzIxZTdmYjlhZjhmODc0ZmQwN2EzZTI1NWY2ODViN2Y5YzMwMTY,IMBO,Soup Mix,500g,11899
https://www.shoprite.co.za/medias/10151092EA-20190726-Media-checkers515Wx515H?context=bWFzdGVyfGltYWdlc3wyNzI5Mjh8aW1hZ2UvcG5nfGltYWdlcy9oZTQvaDMxLzg4NTc4OTUwNDMxMDIucG5nfDc0MjQ3ZGQ1NDM0MTU4NDU1MGFkMzIwMDdjNzIxZTdmYjlhZjhmODc0ZmQwN2EzZTI1NWY2ODViN2Y5YzMwMTY,IMBO,Soup Mix,500g,11999
https://www.shoprite.co.za/medias/10151092EA-20190726-Media-checkers515Wx515H?context=bWFzdGVyfGltYWdlc3wyNzI5Mjh8aW1hZ2UvcG5nfGltYWdlcy9oZTQvaDMxLzg4NTc4OTUwNDMxMDIucG5nfDc0MjQ3ZGQ1NDM0MTU4NDU1MGFkMzIwMDdjNzIxZTdmYjlhZjhmODc0ZmQwN2EzZTI1NWY2ODViN2Y5YzMwMTY,Pasta Grande,Tricolor screws,500g,12099
https://www.shoprite.co.za/medias/10151092EA-20190726-Media-checkers515Wx515H?context=bWFzdGVyfGltYWdlc3wyNzI5Mjh8aW1hZ2UvcG5nfGltYWdlcy9oZTQvaDMxLzg4NTc4OTUwNDMxMDIucG5nfDc0MjQ3ZGQ1NDM0MTU4NDU1MGFkMzIwMDdjNzIxZTdmYjlhZjhmODc0ZmQwN2EzZTI1NWY2ODViN2Y5YzMwMTY,Pasta Grande,Tricolor screws,500g,12099
https://www.shoprite.co.za/medias/10151092EA-20190726-Media-checkers515Wx515H?context=bWFzdGVyfGltYWdlc3wyNzI5Mjh8aW1hZ2UvcG5nfGltYWdlcy9oZTQvaDMxLzg4NTc4OTUwNDMxMDIucG5nfDc0MjQ3ZGQ1NDM0MTU4NDU1MGFkMzIwMDdjNzIxZTdmYjlhZjhmODc0ZmQwN2EzZTI1NWY2ODViN2Y5YzMwMTY,Pasta Grande,Tricolor screws,500g,12099